{
  "version": "5.0.1",
  "flags": {},
  "shapes": [
    {
      "label": "text",
      "points": [
        [
          0.0,
          13.0
        ],
        [
          65.0,
          13.0
        ],
        [
          65.0,
          57.0
        ],
        [
          0.0,
          57.0
        ]
      ],
      "group_id": null,
      "shape_type": "polygon",
      "flags": {}
    },
    {
      "label": "text",
      "points": [
        [
          149.0,
          23.0
        ],
        [
          193.0,
          23.0
        ],
        [
          193.0,
          79.0
        ],
        [
          149.0,
          79.0
        ]
      ],
      "group_id": null,
      "shape_type": "polygon",
      "flags": {}
    },
    {
      "label": "text",
      "points": [
        [
          4.0,
          350.0
        ],
        [
          78.0,
          350.0
        ],
        [
          78.0,
          422.0
        ],
        [
          4.0,
          422.0
        ]
      ],
      "group_id": null,
      "shape_type": "polygon",
      "flags": {}
    },
    {
      "label": "text",
      "points": [
        [
          75.0,
          355.0
        ],
        [
          293.0,
          355.0
        ],
        [
          293.0,
          391.0
        ],
        [
          75.0,
          391.0
        ]
      ],
      "group_id": null,
      "shape_type": "polygon",
      "flags": {}
    },
    {
      "label": "text",
      "points": [
        [
          75.0,
          385.0
        ],
        [
          274.0,
          385.0
        ],
        [
          274.0,
          421.0
        ],
        [
          75.0,
          421.0
        ]
      ],
      "group_id": null,
      "shape_type": "polygon",
      "flags": {}
    },
    {
      "label": "text",
      "points": [
        [
          193.02483573205916,
          12.284441489001107
        ],
        [
          321.8643156041107,
          -3.8222771348221336
        ],
        [
          326.97516426794084,
          59.715558510998896
        ],
        [
          198.13568439588934,
          76.82227713482213
        ]
      ],
      "group_id": null,
      "shape_type": "polygon",
      "flags": {}
    },
    {
      "label": "text",
      "points": [
        [
          -7.692307692307693,
          49.53846153846154
        ],
        [
          154.08289423964143,
          23.53612966909308
        ],
        [
          160.69230769230768,
          86.46153846153847
        ],
        [
          -2.082894239641421,
          112.46387033090691
        ]
      ],
      "group_id": null,
      "shape_type": "polygon",
      "flags": {}
    },
    {
      "label": "text",
      "points": [
        [
          144.7573593128807,
          74.75735931288071
        ],
        [
          321.4397180291412,
          44.46830733234937
        ],
        [
          328.24264068711926,
          93.24264068711929
        ],
        [
          151.56028197085877,
          123.53169266765063
        ]
      ],
      "group_id": null,
      "shape_type": "polygon",
      "flags": {}
    }
  ],
  "imagePath": "classicfiction18894789-the-philip-k-dick-megapack?from_search=true&from_srp=true&qid=QFEVixPxCf&rank=3.jpg",
  "imageData": null,
  "imageHeight": 424,
  "imageWidth": 318
}