{
  "version": "5.0.1",
  "flags": {},
  "shapes": [
    {
      "label": "text",
      "points": [
        [
          42.0,
          18.0
        ],
        [
          300.0,
          18.0
        ],
        [
          300.0,
          92.0
        ],
        [
          42.0,
          92.0
        ]
      ],
      "group_id": null,
      "shape_type": "polygon",
      "flags": {}
    },
    {
      "label": "text",
      "points": [
        [
          38.0,
          76.0
        ],
        [
          300.0,
          76.0
        ],
        [
          300.0,
          148.0
        ],
        [
          38.0,
          148.0
        ]
      ],
      "group_id": null,
      "shape_type": "polygon",
      "flags": {}
    },
    {
      "label": "text",
      "points": [
        [
          11.0,
          389.0
        ],
        [
          321.0,
          389.0
        ],
        [
          321.0,
          433.0
        ],
        [
          11.0,
          433.0
        ]
      ],
      "group_id": null,
      "shape_type": "polygon",
      "flags": {}
    },
    {
      "label": "text",
      "points": [
        [
          52.0,
          432.0
        ],
        [
          284.0,
          432.0
        ],
        [
          284.0,
          440.0
        ],
        [
          52.0,
          440.0
        ]
      ],
      "group_id": null,
      "shape_type": "polygon",
      "flags": {}
    },
    {
      "label": "text",
      "points": [
        [
          58.0,
          442.0
        ],
        [
          260.0,
          442.0
        ],
        [
          260.0,
          450.0
        ],
        [
          58.0,
          450.0
        ]
      ],
      "group_id": null,
      "shape_type": "polygon",
      "flags": {}
    },
    {
      "label": "text",
      "points": [
        [
          154.0,
          452.0
        ],
        [
          184.0,
          452.0
        ],
        [
          184.0,
          460.0
        ],
        [
          154.0,
          460.0
        ]
      ],
      "group_id": null,
      "shape_type": "polygon",
      "flags": {}
    }
  ],
  "imagePath": "classicfiction60146.jpg",
  "imageData": null,
  "imageHeight": 500,
  "imageWidth": 336
}