{
  "version": "5.0.1",
  "flags": {},
  "shapes": [
    {
      "label": "text",
      "points": [
        [
          566.0,
          47.0
        ],
        [
          752.0,
          47.0
        ],
        [
          752.0,
          85.0
        ],
        [
          566.0,
          85.0
        ]
      ],
      "group_id": null,
      "shape_type": "polygon",
      "flags": {}
    },
    {
      "label": "text",
      "points": [
        [
          763.0,
          47.0
        ],
        [
          827.0,
          47.0
        ],
        [
          827.0,
          85.0
        ],
        [
          763.0,
          85.0
        ]
      ],
      "group_id": null,
      "shape_type": "polygon",
      "flags": {}
    },
    {
      "label": "text",
      "points": [
        [
          247.0,
          102.0
        ],
        [
          935.0,
          102.0
        ],
        [
          935.0,
          165.0
        ],
        [
          247.0,
          165.0
        ]
      ],
      "group_id": null,
      "shape_type": "polygon",
      "flags": {}
    },
    {
      "label": "text",
      "points": [
        [
          940.0,
          95.0
        ],
        [
          1157.0,
          95.0
        ],
        [
          1157.0,
          185.0
        ],
        [
          940.0,
          185.0
        ]
      ],
      "group_id": null,
      "shape_type": "polygon",
      "flags": {}
    },
    {
      "label": "text",
      "points": [
        [
          196.0,
          1710.0
        ],
        [
          661.0,
          1710.0
        ],
        [
          661.0,
          1867.0
        ],
        [
          196.0,
          1867.0
        ]
      ],
      "group_id": null,
      "shape_type": "polygon",
      "flags": {}
    },
    {
      "label": "text",
      "points": [
        [
          709.0,
          1725.0
        ],
        [
          1215.0,
          1725.0
        ],
        [
          1215.0,
          1863.0
        ],
        [
          709.0,
          1863.0
        ]
      ],
      "group_id": null,
      "shape_type": "polygon",
      "flags": {}
    },
    {
      "label": "text",
      "points": [
        [
          88.0,
          1884.0
        ],
        [
          1307.0,
          1884.0
        ],
        [
          1307.0,
          1953.0
        ],
        [
          88.0,
          1953.0
        ]
      ],
      "group_id": null,
      "shape_type": "polygon",
      "flags": {}
    },
    {
      "label": "text",
      "points": [
        [
          511.0,
          1966.0
        ],
        [
          881.0,
          1966.0
        ],
        [
          881.0,
          2042.0
        ],
        [
          511.0,
          2042.0
        ]
      ],
      "group_id": null,
      "shape_type": "polygon",
      "flags": {}
    }
  ],
  "imagePath": "classicfiction52974605-weird-women?from_search=true&from_srp=true&qid=QFEVixPxCf&rank=6.jpg",
  "imageData": null,
  "imageHeight": 2100,
  "imageWidth": 1400
}