{
  "version": "5.0.1",
  "flags": {},
  "shapes": [
    {
      "label": "text",
      "points": [
        [
          0.0,
          2.0
        ],
        [
          34.0,
          2.0
        ],
        [
          34.0,
          32.0
        ],
        [
          0.0,
          32.0
        ]
      ],
      "group_id": null,
      "shape_type": "polygon",
      "flags": {}
    },
    {
      "label": "text",
      "points": [
        [
          0.0,
          26.0
        ],
        [
          129.0,
          26.0
        ],
        [
          129.0,
          65.0
        ],
        [
          0.0,
          65.0
        ]
      ],
      "group_id": null,
      "shape_type": "polygon",
      "flags": {}
    },
    {
      "label": "text",
      "points": [
        [
          3.0,
          57.0
        ],
        [
          121.0,
          57.0
        ],
        [
          121.0,
          73.0
        ],
        [
          3.0,
          73.0
        ]
      ],
      "group_id": null,
      "shape_type": "polygon",
      "flags": {}
    },
    {
      "label": "text",
      "points": [
        [
          1.0,
          75.0
        ],
        [
          69.0,
          75.0
        ],
        [
          69.0,
          95.0
        ],
        [
          1.0,
          95.0
        ]
      ],
      "group_id": null,
      "shape_type": "polygon",
      "flags": {}
    }
  ],
  "imagePath": "classicfiction18160995-the-wandering-earth?from_search=true&from_srp=true&qid=QFEVixPxCf&rank=2.jpg",
  "imageData": null,
  "imageHeight": 200,
  "imageWidth": 130
}