{
  "version": "5.0.1",
  "flags": {},
  "shapes": [
    {
      "label": "text",
      "points": [
        [
          13.0,
          64.0
        ],
        [
          290.0,
          64.0
        ],
        [
          290.0,
          220.0
        ],
        [
          13.0,
          220.0
        ]
      ],
      "group_id": null,
      "shape_type": "polygon",
      "flags": {}
    },
    {
      "label": "text",
      "points": [
        [
          275.0,
          14.0
        ],
        [
          986.0,
          14.0
        ],
        [
          986.0,
          259.0
        ],
        [
          275.0,
          259.0
        ]
      ],
      "group_id": null,
      "shape_type": "polygon",
      "flags": {}
    },
    {
      "label": "text",
      "points": [
        [
          780.0,
          310.0
        ],
        [
          836.0,
          310.0
        ],
        [
          836.0,
          376.0
        ],
        [
          780.0,
          376.0
        ]
      ],
      "group_id": null,
      "shape_type": "polygon",
      "flags": {}
    },
    {
      "label": "text",
      "points": [
        [
          517.0,
          1422.0
        ],
        [
          860.0,
          1422.0
        ],
        [
          860.0,
          1545.0
        ],
        [
          517.0,
          1545.0
        ]
      ],
      "group_id": null,
      "shape_type": "polygon",
      "flags": {}
    }
  ],
  "imagePath": "\u092e\u0930\u093e\u0920\u094055013432---marathi-erotic-story-18?from_search=true&from_srp=true&qid=2ynPPwEuEJ&rank=7.jpg",
  "imageData": null,
  "imageHeight": 1600,
  "imageWidth": 1000
}