{
  "version": "5.0.1",
  "flags": {},
  "shapes": [
    {
      "label": "text",
      "points": [
        [
          22.0,
          24.0
        ],
        [
          294.0,
          24.0
        ],
        [
          294.0,
          101.0
        ],
        [
          22.0,
          101.0
        ]
      ],
      "group_id": null,
      "shape_type": "polygon",
      "flags": {}
    },
    {
      "label": "text",
      "points": [
        [
          74.0,
          87.0
        ],
        [
          241.0,
          87.0
        ],
        [
          241.0,
          155.0
        ],
        [
          74.0,
          155.0
        ]
      ],
      "group_id": null,
      "shape_type": "polygon",
      "flags": {}
    },
    {
      "label": "text",
      "points": [
        [
          109.0,
          173.0
        ],
        [
          151.0,
          173.0
        ],
        [
          151.0,
          189.0
        ],
        [
          109.0,
          189.0
        ]
      ],
      "group_id": null,
      "shape_type": "polygon",
      "flags": {}
    },
    {
      "label": "text",
      "points": [
        [
          165.0,
          173.0
        ],
        [
          205.0,
          173.0
        ],
        [
          205.0,
          187.0
        ],
        [
          165.0,
          187.0
        ]
      ],
      "group_id": null,
      "shape_type": "polygon",
      "flags": {}
    },
    {
      "label": "text",
      "points": [
        [
          56.0,
          431.0
        ],
        [
          260.0,
          431.0
        ],
        [
          260.0,
          482.0
        ],
        [
          56.0,
          482.0
        ]
      ],
      "group_id": null,
      "shape_type": "polygon",
      "flags": {}
    }
  ],
  "imagePath": "\u092e\u0930\u093e\u0920\u094048591107-marathi-erotica?from_search=true&from_srp=true&qid=2ynPPwEuEJ&rank=10.jpg",
  "imageData": null,
  "imageHeight": 500,
  "imageWidth": 313
}