{
  "version": "5.0.1",
  "flags": {},
  "shapes": [
    {
      "label": "text",
      "points": [
        [
          1050.0,
          110.0
        ],
        [
          1345.0,
          110.0
        ],
        [
          1345.0,
          207.0
        ],
        [
          1050.0,
          207.0
        ]
      ],
      "group_id": null,
      "shape_type": "polygon",
      "flags": {}
    },
    {
      "label": "text",
      "points": [
        [
          941.0,
          223.0
        ],
        [
          1283.0,
          223.0
        ],
        [
          1283.0,
          337.0
        ],
        [
          941.0,
          337.0
        ]
      ],
      "group_id": null,
      "shape_type": "polygon",
      "flags": {}
    },
    {
      "label": "text",
      "points": [
        [
          116.0,
          1558.0
        ],
        [
          1495.0,
          1558.0
        ],
        [
          1495.0,
          1837.0
        ],
        [
          116.0,
          1837.0
        ]
      ],
      "group_id": null,
      "shape_type": "polygon",
      "flags": {}
    },
    {
      "label": "text",
      "points": [
        [
          579.0,
          1818.0
        ],
        [
          1019.0,
          1818.0
        ],
        [
          1019.0,
          2052.0
        ],
        [
          579.0,
          2052.0
        ]
      ],
      "group_id": null,
      "shape_type": "polygon",
      "flags": {}
    },
    {
      "label": "text",
      "points": [
        [
          28.0,
          2218.0
        ],
        [
          1575.0,
          2218.0
        ],
        [
          1575.0,
          2375.0
        ],
        [
          28.0,
          2375.0
        ]
      ],
      "group_id": null,
      "shape_type": "polygon",
      "flags": {}
    },
    {
      "label": "text",
      "points": [
        [
          352.0,
          2420.0
        ],
        [
          406.0,
          2420.0
        ],
        [
          406.0,
          2494.0
        ],
        [
          352.0,
          2494.0
        ]
      ],
      "group_id": null,
      "shape_type": "polygon",
      "flags": {}
    },
    {
      "label": "text",
      "points": [
        [
          391.0,
          2393.0
        ],
        [
          616.0,
          2393.0
        ],
        [
          616.0,
          2510.0
        ],
        [
          391.0,
          2510.0
        ]
      ],
      "group_id": null,
      "shape_type": "polygon",
      "flags": {}
    },
    {
      "label": "text",
      "points": [
        [
          605.0,
          2431.0
        ],
        [
          643.0,
          2431.0
        ],
        [
          643.0,
          2471.0
        ],
        [
          605.0,
          2471.0
        ]
      ],
      "group_id": null,
      "shape_type": "polygon",
      "flags": {}
    },
    {
      "label": "text",
      "points": [
        [
          648.0,
          2414.0
        ],
        [
          900.0,
          2414.0
        ],
        [
          900.0,
          2494.0
        ],
        [
          648.0,
          2494.0
        ]
      ],
      "group_id": null,
      "shape_type": "polygon",
      "flags": {}
    },
    {
      "label": "text",
      "points": [
        [
          943.0,
          2399.0
        ],
        [
          1253.0,
          2399.0
        ],
        [
          1253.0,
          2489.0
        ],
        [
          943.0,
          2489.0
        ]
      ],
      "group_id": null,
      "shape_type": "polygon",
      "flags": {}
    },
    {
      "label": "text",
      "points": [
        [
          1266.138951012568,
          199.08677583447678
        ],
        [
          1459.2439559294342,
          172.01341829037707
        ],
        [
          1473.861048987432,
          345.9132241655232
        ],
        [
          1280.7560440705658,
          373.9865817096229
        ]
      ],
      "group_id": null,
      "shape_type": "polygon",
      "flags": {}
    }
  ],
  "imagePath": "\u092e\u0930\u093e\u0920\u094054420997------?from_search=true&from_srp=true&qid=2ynPPwEuEJ&rank=4.jpg",
  "imageData": null,
  "imageHeight": 2560,
  "imageWidth": 1600
}