{
  "version": "5.0.1",
  "flags": {},
  "shapes": [
    {
      "label": "text",
      "points": [
        [
          3.0,
          5.0
        ],
        [
          305.0,
          5.0
        ],
        [
          305.0,
          70.0
        ],
        [
          3.0,
          70.0
        ]
      ],
      "group_id": null,
      "shape_type": "polygon",
      "flags": {}
    },
    {
      "label": "text",
      "points": [
        [
          154.0,
          140.0
        ],
        [
          309.0,
          140.0
        ],
        [
          309.0,
          215.0
        ],
        [
          154.0,
          215.0
        ]
      ],
      "group_id": null,
      "shape_type": "polygon",
      "flags": {}
    },
    {
      "label": "text",
      "points": [
        [
          152.0,
          228.0
        ],
        [
          305.0,
          228.0
        ],
        [
          305.0,
          292.0
        ],
        [
          152.0,
          292.0
        ]
      ],
      "group_id": null,
      "shape_type": "polygon",
      "flags": {}
    },
    {
      "label": "text",
      "points": [
        [
          188.0,
          308.0
        ],
        [
          306.0,
          308.0
        ],
        [
          306.0,
          362.0
        ],
        [
          188.0,
          362.0
        ]
      ],
      "group_id": null,
      "shape_type": "polygon",
      "flags": {}
    },
    {
      "label": "text",
      "points": [
        [
          106.0,
          414.0
        ],
        [
          298.0,
          414.0
        ],
        [
          298.0,
          440.0
        ],
        [
          106.0,
          440.0
        ]
      ],
      "group_id": null,
      "shape_type": "polygon",
      "flags": {}
    }
  ],
  "imagePath": "\u092e\u0930\u093e\u0920\u094049245219?from_search=true&from_srp=true&qid=2ynPPwEuEJ&rank=3.jpg",
  "imageData": null,
  "imageHeight": 500,
  "imageWidth": 314
}