{
  "version": "5.0.1",
  "flags": {},
  "shapes": [
    {
      "label": "text",
      "points": [
        [
          23.0,
          4.0
        ],
        [
          290.0,
          4.0
        ],
        [
          290.0,
          76.0
        ],
        [
          23.0,
          76.0
        ]
      ],
      "group_id": null,
      "shape_type": "polygon",
      "flags": {}
    },
    {
      "label": "text",
      "points": [
        [
          83.0,
          79.0
        ],
        [
          251.0,
          79.0
        ],
        [
          251.0,
          143.0
        ],
        [
          83.0,
          143.0
        ]
      ],
      "group_id": null,
      "shape_type": "polygon",
      "flags": {}
    },
    {
      "label": "text",
      "points": [
        [
          74.0,
          170.0
        ],
        [
          172.0,
          170.0
        ],
        [
          172.0,
          202.0
        ],
        [
          74.0,
          202.0
        ]
      ],
      "group_id": null,
      "shape_type": "polygon",
      "flags": {}
    },
    {
      "label": "text",
      "points": [
        [
          182.0,
          174.0
        ],
        [
          256.0,
          174.0
        ],
        [
          256.0,
          200.0
        ],
        [
          182.0,
          200.0
        ]
      ],
      "group_id": null,
      "shape_type": "polygon",
      "flags": {}
    },
    {
      "label": "text",
      "points": [
        [
          77.0,
          425.0
        ],
        [
          245.0,
          425.0
        ],
        [
          245.0,
          461.0
        ],
        [
          77.0,
          461.0
        ]
      ],
      "group_id": null,
      "shape_type": "polygon",
      "flags": {}
    }
  ],
  "imagePath": "\u092e\u0930\u093e\u0920\u094050391981-marathi-erotica?from_search=true&from_srp=true&qid=2ynPPwEuEJ&rank=9.jpg",
  "imageData": null,
  "imageHeight": 500,
  "imageWidth": 313
}