{
  "version": "5.0.1",
  "flags": {},
  "shapes": [
    {
      "label": "text",
      "points": [
        [
          11.0,
          29.0
        ],
        [
          351.0,
          29.0
        ],
        [
          351.0,
          91.0
        ],
        [
          11.0,
          91.0
        ]
      ],
      "group_id": null,
      "shape_type": "polygon",
      "flags": {}
    },
    {
      "label": "text",
      "points": [
        [
          87.0,
          275.0
        ],
        [
          271.0,
          275.0
        ],
        [
          271.0,
          311.0
        ],
        [
          87.0,
          311.0
        ]
      ],
      "group_id": null,
      "shape_type": "polygon",
      "flags": {}
    },
    {
      "label": "text",
      "points": [
        [
          143.0,
          425.0
        ],
        [
          181.0,
          425.0
        ],
        [
          181.0,
          441.0
        ],
        [
          143.0,
          441.0
        ]
      ],
      "group_id": null,
      "shape_type": "polygon",
      "flags": {}
    },
    {
      "label": "text",
      "points": [
        [
          127.0,
          447.0
        ],
        [
          205.0,
          447.0
        ],
        [
          205.0,
          463.0
        ],
        [
          127.0,
          463.0
        ]
      ],
      "group_id": null,
      "shape_type": "polygon",
      "flags": {}
    },
    {
      "label": "text",
      "points": [
        [
          71.0,
          465.0
        ],
        [
          259.0,
          465.0
        ],
        [
          259.0,
          485.0
        ],
        [
          71.0,
          485.0
        ]
      ],
      "group_id": null,
      "shape_type": "polygon",
      "flags": {}
    }
  ],
  "imagePath": "\u0939\u093f\u0928\u094d\u0926\u094030137926-daadi-maa-ki-kahaniya?from_search=true&from_srp=true&qid=oLmcca1LuH&rank=9.jpg",
  "imageData": null,
  "imageHeight": 500,
  "imageWidth": 353
}