{
  "version": "5.0.1",
  "flags": {},
  "shapes": [
    {
      "label": "text",
      "points": [
        [
          135.0,
          37.0
        ],
        [
          181.0,
          37.0
        ],
        [
          181.0,
          49.0
        ],
        [
          135.0,
          49.0
        ]
      ],
      "group_id": null,
      "shape_type": "polygon",
      "flags": {}
    },
    {
      "label": "text",
      "points": [
        [
          184.0,
          40.0
        ],
        [
          214.0,
          40.0
        ],
        [
          214.0,
          46.0
        ],
        [
          184.0,
          46.0
        ]
      ],
      "group_id": null,
      "shape_type": "polygon",
      "flags": {}
    },
    {
      "label": "text",
      "points": [
        [
          220.0,
          38.0
        ],
        [
          254.0,
          38.0
        ],
        [
          254.0,
          46.0
        ],
        [
          220.0,
          46.0
        ]
      ],
      "group_id": null,
      "shape_type": "polygon",
      "flags": {}
    },
    {
      "label": "text",
      "points": [
        [
          33.0,
          67.0
        ],
        [
          254.0,
          67.0
        ],
        [
          254.0,
          105.0
        ],
        [
          33.0,
          105.0
        ]
      ],
      "group_id": null,
      "shape_type": "polygon",
      "flags": {}
    }
  ],
  "imagePath": "\u0939\u093f\u0928\u094d\u0926\u094021409253?from_search=true&from_srp=true&qid=oLmcca1LuH&rank=10.jpg",
  "imageData": null,
  "imageHeight": 395,
  "imageWidth": 300
}