{
  "version": "5.0.1",
  "flags": {},
  "shapes": [
    {
      "label": "text",
      "points": [
        [
          89.0,
          49.0
        ],
        [
          209.0,
          49.0
        ],
        [
          209.0,
          65.0
        ],
        [
          89.0,
          65.0
        ]
      ],
      "group_id": null,
      "shape_type": "polygon",
      "flags": {}
    },
    {
      "label": "text",
      "points": [
        [
          80.0,
          195.0
        ],
        [
          220.0,
          195.0
        ],
        [
          220.0,
          239.0
        ],
        [
          80.0,
          239.0
        ]
      ],
      "group_id": null,
      "shape_type": "polygon",
      "flags": {}
    },
    {
      "label": "text",
      "points": [
        [
          76.0,
          232.0
        ],
        [
          227.0,
          232.0
        ],
        [
          227.0,
          296.0
        ],
        [
          76.0,
          296.0
        ]
      ],
      "group_id": null,
      "shape_type": "polygon",
      "flags": {}
    },
    {
      "label": "text",
      "points": [
        [
          64.0,
          302.0
        ],
        [
          245.0,
          302.0
        ],
        [
          245.0,
          322.0
        ],
        [
          64.0,
          322.0
        ]
      ],
      "group_id": null,
      "shape_type": "polygon",
      "flags": {}
    }
  ],
  "imagePath": "\u09ac\u09be\u0982\u09b2\u09be57017440------?from_search=true&from_srp=true&qid=aojlWmY9bt&rank=4.jpg",
  "imageData": null,
  "imageHeight": 450,
  "imageWidth": 300
}