{
  "version": "5.0.1",
  "flags": {},
  "shapes": [
    {
      "label": "text",
      "points": [
        [
          272.0,
          294.0
        ],
        [
          338.0,
          294.0
        ],
        [
          338.0,
          344.0
        ],
        [
          272.0,
          344.0
        ]
      ],
      "group_id": null,
      "shape_type": "polygon",
      "flags": {}
    },
    {
      "label": "text",
      "points": [
        [
          345.0,
          357.0
        ],
        [
          442.0,
          357.0
        ],
        [
          442.0,
          405.0
        ],
        [
          345.0,
          405.0
        ]
      ],
      "group_id": null,
      "shape_type": "polygon",
      "flags": {}
    },
    {
      "label": "text",
      "points": [
        [
          183.0,
          393.0
        ],
        [
          513.0,
          393.0
        ],
        [
          513.0,
          501.0
        ],
        [
          183.0,
          501.0
        ]
      ],
      "group_id": null,
      "shape_type": "polygon",
      "flags": {}
    },
    {
      "label": "text",
      "points": [
        [
          231.0,
          489.0
        ],
        [
          453.0,
          489.0
        ],
        [
          453.0,
          601.0
        ],
        [
          231.0,
          601.0
        ]
      ],
      "group_id": null,
      "shape_type": "polygon",
      "flags": {}
    },
    {
      "label": "text",
      "points": [
        [
          197.0,
          597.0
        ],
        [
          493.0,
          597.0
        ],
        [
          493.0,
          633.0
        ],
        [
          197.0,
          633.0
        ]
      ],
      "group_id": null,
      "shape_type": "polygon",
      "flags": {}
    },
    {
      "label": "text",
      "points": [
        [
          266.0,
          641.0
        ],
        [
          428.0,
          641.0
        ],
        [
          428.0,
          672.0
        ],
        [
          266.0,
          672.0
        ]
      ],
      "group_id": null,
      "shape_type": "polygon",
      "flags": {}
    },
    {
      "label": "text",
      "points": [
        [
          147.0,
          754.0
        ],
        [
          538.0,
          754.0
        ],
        [
          538.0,
          783.0
        ],
        [
          147.0,
          783.0
        ]
      ],
      "group_id": null,
      "shape_type": "polygon",
      "flags": {}
    },
    {
      "label": "text",
      "points": [
        [
          288.0,
          890.0
        ],
        [
          406.0,
          890.0
        ],
        [
          406.0,
          916.0
        ],
        [
          288.0,
          916.0
        ]
      ],
      "group_id": null,
      "shape_type": "polygon",
      "flags": {}
    },
    {
      "label": "text",
      "points": [
        [
          249.35167323261572,
          356.23085631415506
        ],
        [
          347.94760633993747,
          346.6057119295778
        ],
        [
          351.6483267673843,
          402.76914368584494
        ],
        [
          252.05239366006253,
          412.3942880704222
        ]
      ],
      "group_id": null,
      "shape_type": "polygon",
      "flags": {}
    }
  ],
  "imagePath": "\u09ac\u09be\u0982\u09b2\u09be45458631?from_search=true&from_srp=true&qid=aojlWmY9bt&rank=8.jpg",
  "imageData": null,
  "imageHeight": 960,
  "imageWidth": 696
}