{
  "version": "5.0.1",
  "flags": {},
  "shapes": [
    {
      "label": "text",
      "points": [
        [
          25.0,
          15.0
        ],
        [
          73.0,
          15.0
        ],
        [
          73.0,
          31.0
        ],
        [
          25.0,
          31.0
        ]
      ],
      "group_id": null,
      "shape_type": "polygon",
      "flags": {}
    },
    {
      "label": "text",
      "points": [
        [
          153.0,
          15.0
        ],
        [
          203.0,
          15.0
        ],
        [
          203.0,
          35.0
        ],
        [
          153.0,
          35.0
        ]
      ],
      "group_id": null,
      "shape_type": "polygon",
      "flags": {}
    },
    {
      "label": "text",
      "points": [
        [
          42.0,
          60.0
        ],
        [
          184.0,
          60.0
        ],
        [
          184.0,
          92.0
        ],
        [
          42.0,
          92.0
        ]
      ],
      "group_id": null,
      "shape_type": "polygon",
      "flags": {}
    },
    {
      "label": "text",
      "points": [
        [
          45.0,
          285.0
        ],
        [
          85.0,
          285.0
        ],
        [
          85.0,
          299.0
        ],
        [
          45.0,
          299.0
        ]
      ],
      "group_id": null,
      "shape_type": "polygon",
      "flags": {}
    },
    {
      "label": "text",
      "points": [
        [
          93.0,
          285.0
        ],
        [
          181.0,
          285.0
        ],
        [
          181.0,
          301.0
        ],
        [
          93.0,
          301.0
        ]
      ],
      "group_id": null,
      "shape_type": "polygon",
      "flags": {}
    },
    {
      "label": "text",
      "points": [
        [
          21.0,
          321.0
        ],
        [
          73.0,
          321.0
        ],
        [
          73.0,
          337.0
        ],
        [
          21.0,
          337.0
        ]
      ],
      "group_id": null,
      "shape_type": "polygon",
      "flags": {}
    }
  ],
  "imagePath": "\u09ac\u09be\u0982\u09b2\u09be43924750?from_search=true&from_srp=true&qid=aojlWmY9bt&rank=7.jpg",
  "imageData": null,
  "imageHeight": 350,
  "imageWidth": 231
}