{
  "version": "5.0.1",
  "flags": {},
  "shapes": [
    {
      "label": "text",
      "points": [
        [
          21.0,
          58.0
        ],
        [
          109.0,
          58.0
        ],
        [
          109.0,
          75.0
        ],
        [
          21.0,
          75.0
        ]
      ],
      "group_id": null,
      "shape_type": "polygon",
      "flags": {}
    },
    {
      "label": "text",
      "points": [
        [
          119.0,
          59.0
        ],
        [
          187.0,
          59.0
        ],
        [
          187.0,
          73.0
        ],
        [
          119.0,
          73.0
        ]
      ],
      "group_id": null,
      "shape_type": "polygon",
      "flags": {}
    },
    {
      "label": "text",
      "points": [
        [
          4.0,
          80.0
        ],
        [
          70.0,
          80.0
        ],
        [
          70.0,
          104.0
        ],
        [
          4.0,
          104.0
        ]
      ],
      "group_id": null,
      "shape_type": "polygon",
      "flags": {}
    },
    {
      "label": "text",
      "points": [
        [
          69.0,
          69.0
        ],
        [
          200.0,
          69.0
        ],
        [
          200.0,
          113.0
        ],
        [
          69.0,
          113.0
        ]
      ],
      "group_id": null,
      "shape_type": "polygon",
      "flags": {}
    }
  ],
  "imagePath": "\u0ba4\u0bae\u0bbf\u0bb4\u0bcd18372730-thamizh-noolgalin-pulavargali?from_search=true&from_srp=true&qid=Q84UzoG7W0&rank=4.jpg",
  "imageData": null,
  "imageHeight": 300,
  "imageWidth": 200
}