{
  "version": "5.0.1",
  "flags": {},
  "shapes": [
    {
      "label": "text",
      "points": [
        [
          64.0,
          90.0
        ],
        [
          793.0,
          90.0
        ],
        [
          793.0,
          273.0
        ],
        [
          64.0,
          273.0
        ]
      ],
      "group_id": null,
      "shape_type": "polygon",
      "flags": {}
    },
    {
      "label": "text",
      "points": [
        [
          438.0,
          297.0
        ],
        [
          1181.0,
          297.0
        ],
        [
          1181.0,
          526.0
        ],
        [
          438.0,
          526.0
        ]
      ],
      "group_id": null,
      "shape_type": "polygon",
      "flags": {}
    },
    {
      "label": "text",
      "points": [
        [
          1227.0,
          375.0
        ],
        [
          1365.0,
          375.0
        ],
        [
          1365.0,
          521.0
        ],
        [
          1227.0,
          521.0
        ]
      ],
      "group_id": null,
      "shape_type": "polygon",
      "flags": {}
    },
    {
      "label": "text",
      "points": [
        [
          72.0,
          618.0
        ],
        [
          490.0,
          618.0
        ],
        [
          490.0,
          744.0
        ],
        [
          72.0,
          744.0
        ]
      ],
      "group_id": null,
      "shape_type": "polygon",
      "flags": {}
    },
    {
      "label": "text",
      "points": [
        [
          75.0,
          822.0
        ],
        [
          952.0,
          822.0
        ],
        [
          952.0,
          1054.0
        ],
        [
          75.0,
          1054.0
        ]
      ],
      "group_id": null,
      "shape_type": "polygon",
      "flags": {}
    },
    {
      "label": "text",
      "points": [
        [
          63.0,
          1182.0
        ],
        [
          1415.0,
          1182.0
        ],
        [
          1415.0,
          1262.0
        ],
        [
          63.0,
          1262.0
        ]
      ],
      "group_id": null,
      "shape_type": "polygon",
      "flags": {}
    },
    {
      "label": "text",
      "points": [
        [
          65.0,
          1258.0
        ],
        [
          698.0,
          1258.0
        ],
        [
          698.0,
          1331.0
        ],
        [
          65.0,
          1331.0
        ]
      ],
      "group_id": null,
      "shape_type": "polygon",
      "flags": {}
    },
    {
      "label": "text",
      "points": [
        [
          78.0,
          1342.0
        ],
        [
          1563.0,
          1342.0
        ],
        [
          1563.0,
          1468.0
        ],
        [
          78.0,
          1468.0
        ]
      ],
      "group_id": null,
      "shape_type": "polygon",
      "flags": {}
    },
    {
      "label": "text",
      "points": [
        [
          64.91042190055903,
          360.1042190055902
        ],
        [
          468.5644925878423,
          324.1837066590313
        ],
        [
          470.089578099441,
          501.8957809944098
        ],
        [
          66.43550741215765,
          536.8162933409687
        ]
      ],
      "group_id": null,
      "shape_type": "polygon",
      "flags": {}
    },
    {
      "label": "text",
      "points": [
        [
          484.1324293025354,
          604.0832081883963
        ],
        [
          802.3284050586041,
          573.1371850674072
        ],
        [
          806.8675706974647,
          757.9167918116037
        ],
        [
          488.67159494139594,
          787.8628149325928
        ]
      ],
      "group_id": null,
      "shape_type": "polygon",
      "flags": {}
    },
    {
      "label": "text",
      "points": [
        [
          1139.379826327054,
          2414.0386106164315
        ],
        [
          1307.9880147645322,
          2464.6540105365643
        ],
        [
          1293.620173672946,
          2503.9613893835685
        ],
        [
          1125.0119852354678,
          2453.3459894634357
        ]
      ],
      "group_id": null,
      "shape_type": "polygon",
      "flags": {}
    }
  ],
  "imagePath": "\u0ba4\u0bae\u0bbf\u0bb4\u0bcd58737005?from_search=true&from_srp=true&qid=Q84UzoG7W0&rank=10.jpg",
  "imageData": null,
  "imageHeight": 2525,
  "imageWidth": 1587
}