{
  "version": "5.0.1",
  "flags": {},
  "shapes": [
    {
      "label": "text",
      "points": [
        [
          387.0,
          1151.0
        ],
        [
          720.0,
          1151.0
        ],
        [
          720.0,
          1301.0
        ],
        [
          387.0,
          1301.0
        ]
      ],
      "group_id": null,
      "shape_type": "polygon",
      "flags": {}
    },
    {
      "label": "text",
      "points": [
        [
          102.0,
          1326.0
        ],
        [
          985.0,
          1326.0
        ],
        [
          985.0,
          1467.0
        ],
        [
          102.0,
          1467.0
        ]
      ],
      "group_id": null,
      "shape_type": "polygon",
      "flags": {}
    },
    {
      "label": "text",
      "points": [
        [
          308.0,
          1512.0
        ],
        [
          647.0,
          1512.0
        ],
        [
          647.0,
          1612.0
        ],
        [
          308.0,
          1612.0
        ]
      ],
      "group_id": null,
      "shape_type": "polygon",
      "flags": {}
    },
    {
      "label": "text",
      "points": [
        [
          669.0,
          1517.0
        ],
        [
          775.0,
          1517.0
        ],
        [
          775.0,
          1603.0
        ],
        [
          669.0,
          1603.0
        ]
      ],
      "group_id": null,
      "shape_type": "polygon",
      "flags": {}
    }
  ],
  "imagePath": "\u0ba4\u0bae\u0bbf\u0bb4\u0bcd58341015-tamil-sex-stories-part-18?from_search=true&from_srp=true&qid=Q84UzoG7W0&rank=8.jpg",
  "imageData": null,
  "imageHeight": 1721,
  "imageWidth": 1079
}