{
  "version": "5.0.1",
  "flags": {},
  "shapes": [
    {
      "label": "text",
      "points": [
        [
          238.0,
          44.0
        ],
        [
          295.0,
          44.0
        ],
        [
          295.0,
          73.0
        ],
        [
          238.0,
          73.0
        ]
      ],
      "group_id": null,
      "shape_type": "polygon",
      "flags": {}
    },
    {
      "label": "text",
      "points": [
        [
          34.0,
          204.0
        ],
        [
          277.0,
          204.0
        ],
        [
          277.0,
          260.0
        ],
        [
          34.0,
          260.0
        ]
      ],
      "group_id": null,
      "shape_type": "polygon",
      "flags": {}
    },
    {
      "label": "text",
      "points": [
        [
          69.0,
          248.0
        ],
        [
          256.0,
          248.0
        ],
        [
          256.0,
          298.0
        ],
        [
          69.0,
          298.0
        ]
      ],
      "group_id": null,
      "shape_type": "polygon",
      "flags": {}
    },
    {
      "label": "text",
      "points": [
        [
          101.0,
          445.0
        ],
        [
          218.0,
          445.0
        ],
        [
          218.0,
          478.0
        ],
        [
          101.0,
          478.0
        ]
      ],
      "group_id": null,
      "shape_type": "polygon",
      "flags": {}
    },
    {
      "label": "text",
      "points": [
        [
          252.28204184138227,
          23.13330878759388
        ],
        [
          293.9144228545972,
          31.421220997447353
        ],
        [
          289.71795815861776,
          52.86669121240612
        ],
        [
          247.0855771454028,
          45.57877900255265
        ]
      ],
      "group_id": null,
      "shape_type": "polygon",
      "flags": {}
    }
  ],
  "imagePath": "\u0ba4\u0bae\u0bbf\u0bb4\u0bcd39928599-tamil-sex-stories-part-3?from_search=true&from_srp=true&qid=Q84UzoG7W0&rank=3.jpg",
  "imageData": null,
  "imageHeight": 500,
  "imageWidth": 318
}